,Brand,Model,Variant,Year,driven kilometers,fuel,Transmission,number of owners,location,Price
0,Ford,Figo,2010-2012 Diesel ZXI,2010,"90,000 km",Diesel,Manual,2nd,"Ram Krishna Nagar, Vijayawada, Andhra Pradesh","₹ 2,15,000"
1,Ford,Ecosport,1.5 Petrol Ambiente,2015,"38,000 km",Petrol,Manual,1st,"Phule Nagar, Pune, Maharashtra","₹ 5,75,000"
2,Maruti Suzuki,Wagon R,2006-2010 VXI Minor,2009,"58,720 km",Petrol,Manual,1st,"Manuti, Thrissur, Kerala","₹ 2,45,000"
3,Hyundai,Fluidic Verna,1.6 CRDi SX,2018,"55,000 km",Diesel,Manual,1st,"Usmanpura, Ahmedabad, Gujarat","₹ 9,49,999"
4,Maruti Suzuki,Swift Dzire,VXI,2015,"57,091 km",Petrol,Manual,2nd,"Ezhamkulam, Adoor, Kerala","₹ 4,95,000"
5,Maruti Suzuki,Alto,LXi,2009,"52,000 km",Petrol,Manual,1st,"Hazratganj, Lucknow, Uttar Pradesh","₹ 1,35,000"
6,Maruti Suzuki,Swift,VVT VXI,2018,"17,000 km",Petrol,Manual,1st,"Kalyan, Thane, Maharashtra","₹ 6,35,000"
7,Volkswagen,Polo,GT TDI Sport Edition,2017,"83,231 km",Diesel,Manual,1st,"Uppal, Hyderabad, Telangana","₹ 7,80,000"
8,Hyundai,EON,1.0 Kappa Magna + (O),2014,"165,000 km",Petrol,Manual,2nd,"Belthangadi, Beltangadi, Karnataka","₹ 2,10,000"
9,Hyundai,Getz,GLS,2007,"78,000 km",Petrol,Manual,1st,"Jagatpur, Ahmedabad, Gujarat","₹ 1,45,000"
10,Hyundai,Grand i10,2016-2017 Magna,2017,"70,000 km",Petrol,Manual,1st,"Sultanpet, Palakkad, Kerala","₹ 3,75,000"
11,Mahindra,Scorpio,2002-2013 LX,2011,"85,320 km",Diesel,Manual,1st,"Navrangpura, Ahmedabad, Gujarat","₹ 3,70,000"
12,Hyundai,Elantra,2012-2015 CRDi S,2012,"49,351 km",Diesel,Manual,2nd,"HRBR Layout, Bengaluru, Karnataka","₹ 7,60,000"
13,Toyota,Yaris,VX CVT,2018,"55,000 km",Petrol,Automatic,1st,"Ernakulam, Kochi, Kerala","₹ 10,50,000"
14,Land Rover,Discovery Sport,TD4 HSE Luxury,2020,"20,000 km",Diesel,Automatic,1st,"Vasant Kunj, Delhi, Delhi","₹ 53,75,000"
15,Datsun,RediGO,T Option,2017,"40,000 km",Petrol,Manual,1st,"Shantipuram, Visakhapatnam, Andhra Pradesh","₹ 2,79,999"
16,Mahindra,Xylo,2009-2011 E8 BS4,2010,"76,000 km",Diesel,Manual,-,"Sector 37D, Chandigarh, Chandigarh","₹ 2,95,000"
17,Skoda,Rapid,1.6 MPI AT Ambition,2014,"65,500 km",Petrol,Automatic,1st,"Vadsar, Vadodara, Gujarat","₹ 4,75,001"
18,Hyundai,i10,Sportz 1.2 KAPPA VTVT,2009,"79,000 km",CNG & Hybrids,Manual,1st,"PWD Colony, Rampur, Uttar Pradesh","₹ 1,65,000"
19,BMW,3 Series,320d Sport,2014,"70,000 km",Diesel,Automatic,1st,"Mahanagar, Lucknow, Uttar Pradesh","₹ 15,75,000"
20,Hyundai,Verna,Fluidic 1.6 VTVT SX,2016,"55,000 km",Petrol,Manual,1st,"Rohini Sector 2, Delhi, Delhi","₹ 6,70,000"
21,Chevrolet,Spark,1.0 LS,2007,"108,482 km",Petrol,Manual,2nd,"Andheri East, Mumbai, Maharashtra","₹ 98,000"
22,Hyundai,Creta,1.6 CRDi SX Option,2015,"110,000 km",Diesel,Manual,1st,"Poonamallee, Chennai, Tamil Nadu","₹ 9,50,000"
23,-,-,-,-,-,-,-,-,"Samudrapur, Maharashtra, India","₹ 25,000"
24,Volkswagen,Polo,2009-2013 Diesel Comfortline 1.2L,2012.0,"81,500 km",Diesel,Manual,1st,"Sector 9C, Chandigarh, Chandigarh","₹ 3,25,000"
25,Hyundai,Grand i10,2016-2017 Magna,2016,"38,445 km",Diesel,Manual,1st,"Satyasai Road, Indore, Madhya Pradesh","₹ 5,35,000"
26,Skoda,Octavia,2000-2010 Rider 1.9 TDI MT,2006,"110,000 km",Diesel,Manual,3rd,"Vytila, Kochi, Kerala","₹ 1,70,000"
27,Maruti Suzuki,Ciaz,2014-2017 ZDi,2017,"57,000 km",Diesel,Manual,1st,"Ranital Chowk, Jabalpur, Madhya Pradesh","₹ 7,45,000"
28,Maruti Suzuki,Swift Dzire Tour,LDI,2019,"59,000 km",Diesel,Manual,1st,"Nungambakkam, Chennai, Tamil Nadu","₹ 5,85,000"
29,Volkswagen,Polo,1.2 MPI Comfortline,2011,"57,425 km",Petrol,Manual,2nd,"Juhi Kalan, Kanpur, Uttar Pradesh","₹ 2,30,000"
30,Toyota,Fortuner,3.0 4x2 Automatic,2014,"158,000 km",Diesel,Automatic,1st,"Thavalakuzhy, Ettumanoor, Kerala","₹ 19,25,000"
31,Mahindra,Xylo,H4 BS IV,2019,1st,Diesel,"28,756 km",-,"Tambaram, Chennai, Tamil Nadu","₹ 8,92,000"
32,Hyundai,i20,1.4 Sportz,2010,"67,900 km",Petrol,Manual,1st,"Nagole, Hyderabad, Telangana","₹ 2,35,000"
33,Hyundai,EON,1.0 Era Plus,2013,"40,000 km",Petrol,Manual,1st,"Kodambakkam Zacharia Colony, Chennai, Tamil Nadu","₹ 2,90,000"
34,Chevrolet,Enjoy,1.4 LTZ 8,2014,"45,519 km",Petrol,Manual,1st,"Bondbag Village, Ponda, Goa","₹ 2,60,000"
35,Honda,Brio,1.2 S MT,2017,"65,000 km",Petrol,Manual,1st,"Satellite Anand Nagar, Ahmedabad, Gujarat","₹ 4,75,000"
36,iPhone,-,-,-,-,-,-,-,"Samudrapur, Maharashtra, India","₹ 13,499"
37,Hyundai,Santro Xing,GL,2009,"81,000 km",Petrol,Manual,3rd,"Basaveshvara Nagar, Bengaluru, Karnataka","₹ 2,10,000"
38,Maruti Suzuki,Vitara Brezza,ZDi Plus Dual Tone,2019,"54,250 km",Diesel,Manual,1st,"Varacha, Surat, Gujarat","₹ 8,90,000"
39,Volvo,XC90,Inscription Luxury,2016,"120,000 km",Diesel,Automatic,1st,"Sector 2A, Chandigarh, Chandigarh","₹ 39,50,000"
40,Ford,Fiesta,2010,"86,273 km",-,-,-,-,"Palarivattom, Kochi, Kerala","₹ 1,75,000"
41,Mahindra,Xylo,H4 BS IV,2019,"38,545 km",Diesel,Manual,1st,"Tambaram, Chennai, Tamil Nadu","₹ 8,92,000"
42,Ford,Ecosport,1.5 Diesel Titanium,2013,"77,834 km",Diesel,Manual,1st,"Pirwadi, Satara, Maharashtra","₹ 6,25,000"
43,Hyundai,Grand i10,2016-2017 Magna AT,2016,"32,000 km",CNG & Hybrids,Automatic,1st,"Mayur Vihar, Delhi, Delhi","₹ 5,75,000"
44,Audi,A4,"2.0 TDI (177bhp), Premium",2012,"70,000 km",Diesel,Automatic,1st,"Kalol INA, Kalol, Gujarat","₹ 12,75,000"
45,Hyundai,i20,2015-2017 Asta 1.4 CRDi,2017,"75,000 km",Diesel,Manual,1st,"Santosh Nagar, Hyderabad, Telangana","₹ 7,10,000"
46,Maruti Suzuki,Wagon R,VXI,2016,"15,812 km",Petrol,Manual,-,"Tunga Village, Mumbai, Maharashtra","₹ 3,75,000"
47,Mahindra,Quanto,C2,2012,"73,000 km",Diesel,Manual,1st,"Preet Vihar, Delhi, Delhi","₹ 2,60,000"
48,Toyota,Innova,2.5 G (Diesel) 8 Seater,2010,"85,000 km",Diesel,Manual,2nd,"Baroda Dairy Chowk, Vadodara, Gujarat","₹ 4,25,000"
49,Skoda,Rapid,1.6 MPI Active,2013,"62,000 km",Petrol,Manual,2nd,"UCIL Township, Jadugora, Jharkhand","₹ 3,25,000"
50,Honda,Brio,2016,Petrol,-,Manual,"36,992 km",-,"Balkampet, Hyderabad, Telangana","₹ 4,00,000"
51,Honda,City,2008-2011 1.5 S MT,2010,"72,452 km",Petrol,Manual,2nd,"Juhi Kalan, Kanpur, Uttar Pradesh","₹ 2,80,000"
52,Toyota,Camry,2002-2011 W2 (AT),2007,55 km,Petrol,Automatic,-,"Vyttila, Kochi, Kerala","₹ 30,000"
53,Hyundai,Grand i10,1.2 Kappa Magna,2015,"13,500 km",Petrol,Manual,1st,"Madhapur, Hyderabad, Telangana","₹ 5,45,000"
54,Maruti Suzuki,Swift Dzire,ZDI Plus ,2017,"75,000 km",Diesel,Manual,1st,"Mahanagar, Lucknow, Uttar Pradesh","₹ 7,50,000"
55,Maruti Suzuki,Alto,LXi,2011,"57,000 km",Petrol,Manual,1st,"Rajarampuri, Kolhapur, Maharashtra","₹ 1,95,000"
56,Audi,A6,2.0 TDI Premium Plus,2012,"70,000 km",Diesel,Automatic,1st,"Jawahar Nagar, Ludhiana, Punjab","₹ 14,70,000"
57,Hyundai,Santro Xing,GL,2011,"88,000 km",Petrol,Manual,2nd,"Dwarka, Delhi, Delhi","₹ 1,65,000"
58,Maruti Suzuki,Swift,2004-2010 Lxi BSIII,2006,"165,000 km",CNG & Hybrids,Automatic,3rd,"Mohan Ke Uttar 168, Guru Har Sahai, Punjab","₹ 1,05,000"
59,Renault,Duster,110PS Diesel RxZ AWD,2014,"126,000 km",Diesel,Manual,1st,"Bhiwandi Nizampur, Bhiwandi, Maharashtra","₹ 4,55,000"
60,Hyundai,i10,Magna,2010,"75,000 km",Petrol,Manual,3rd,"Lodhamandi, Haridwar, Uttaranchal","₹ 2,00,000"
61,Honda,City ZX,GXi,2008,"60,000 km",Petrol,Manual,2nd,"Banaras Hindu University, Varanasi, Uttar Pradesh","₹ 1,20,000"
62,Honda,Amaze,1.5 SMT I DTEC,2016,"45,000 km",Diesel,Manual,1st,"Naranpura, Ahmedabad, Gujarat","₹ 4,75,000"
63,Renault,KWID,1.0 RXT EDITION,2018,"19,999 km",Petrol,Manual,1st,"Edapally, Kochi, Kerala","₹ 3,25,000"
64,Hyundai,Grand i10,1.2 CRDi Sportz Option,2017,"82,957 km",Diesel,Manual,1st,"Chikalthana MIDC, Aurangabad, Maharashtra","₹ 5,00,000"
65,Maruti Suzuki,Vitara Brezza,ZDi AMT,2019,"7,500 km",Diesel,Automatic,1st,"Vijyant Khand, Lucknow, Uttar Pradesh","₹ 10,90,000"
66,Maruti Suzuki,Swift Dzire,Vdi BSIV,2013,"100,000 km",Diesel,Manual,1st,"Raja Park, Jaipur, Rajasthan","₹ 4,50,000"
67,Tata,Aria,2010-2013 Pleasure 4x2,2012,"99,492 km",Diesel,Manual,2nd,"Dahisar West, Mumbai, Maharashtra","₹ 2,84,000"
68,Maruti Suzuki,Wagon R,VXI,2015,"30,000 km",Petrol,Manual,1st,"Mayur Vihar, Delhi, Delhi","₹ 3,25,000"
69,Ford,Ecosport,1.5 Diesel Ambiente,2013,"113,000 km",Diesel,Manual,1st,"Thane West, Thane, Maharashtra","₹ 4,85,000"
70,Mahindra,Xylo,H4,2019,"76,002 km",Diesel,Manual,1st,"Porur, Chennai, Tamil Nadu","₹ 9,13,000"
71,Maruti Suzuki,Vitara Brezza,VDi AMT,2018,"21,000 km",Diesel,Automatic,1st,"Preet Vihar, Delhi, Delhi","₹ 8,80,000"
72,Hyundai,i10,1.1L iRDE Magna Special Edition,2009,"38,162 km",Petrol,Manual,1st,"Madurdaha, Kolkata, West Bengal","₹ 1,80,000"
73,Maruti Suzuki,Omni,E MPI STD BSIV,2017,"37,000 km",Petrol,Manual,1st,"Ayanavaram, Chennai, Tamil Nadu","₹ 2,75,000"
74,Volkswagen,Polo,1.5 TDI Highline,2015,"79,000 km",Diesel,Manual,2nd,"Navrangpura, Ahmedabad, Gujarat","₹ 4,50,000"
75,Jeep,Compass,2.0 Sport,2018,"31,000 km",Diesel,Manual,1st,"Karamana, Thiruvananthapuram, Kerala","₹ 15,00,000"
76,Skoda,Rapid,2013-2016 1.5 TDI Elegance,2014,"44,500 km",Diesel,Manual,2nd,"Naranpura, Ahmedabad, Gujarat","₹ 5,11,000"
77,Nissan,Sunny,XV,2015,"49,000 km",Petrol,Manual,1st,"Tilak Nagar, Delhi, Delhi","₹ 4,15,000"
78,Hyundai,Verna,2011-2014 1.6 SX VTVT (O),2013,"36,124 km",Petrol,Manual,1st,"Borivali West, Mumbai, Maharashtra","₹ 5,95,000"
79,Maruti Suzuki,Ciaz,2014-2017 ZXi Plus,2015,"68,000 km",Petrol,Manual,1st,"Shivaji Nagar, Pune, Maharashtra","₹ 6,50,000"
80,-,-,-,-,-,-,-,-,-,-
81,Honda,City,2015-2017 i VTEC V,2017,"89,000 km",Petrol,Manual,1st,"Navrangpura, Ahmedabad, Gujarat","₹ 7,90,000"
82,Toyota,Innova,2.5 V 8 STR,2009,"79,000 km",Diesel,Manual,2nd,"Kalol INA, Kalol, Gujarat","₹ 5,75,000"
83,BMW,5 Series,520d Luxury Line,2017,"35,000 km",Diesel,Automatic,1st,"Kottivakkam, Chennai, Tamil Nadu","₹ 42,00,000"
84,Toyota,Fortuner,2011-2016 4x2 MT TRD Sportivo,2012,"175,000 km",Diesel,Manual,2nd,"Rajaji Nagar, Bengaluru, Karnataka","₹ 12,90,000"
85,Fiat,Punto,Punto Emotion Pack 1.3,2010,"64,000 km",Petrol,Manual,1st,"JP Nagar Phase 7, Bengaluru, Karnataka","₹ 1,50,000"
86,Maruti Suzuki,Ertiga,LDI,2009,"80,313 km",Diesel,Manual,1st,"Chembur, Mumbai, Maharashtra","₹ 2,50,000"
87,Maruti Suzuki,Ciaz,1.4 AT Delta,2020,"5,000 km",Petrol,Automatic,1st,"Sector 37, Gurgaon, Haryana","₹ 10,45,000"
88,Datsun,RediGO,AMT 1.0 S,2018,"23,000 km",Petrol,Automatic,1st,"Erayikadavu, Kottayam, Kerala","₹ 3,38,000"
89,Audi,Q5,2.0 TFSI quattro Premium,2009,"62,000 km",Petrol,Automatic,3rd,"Deonar, Mumbai, Maharashtra","₹ 10,00,000"
90,Hyundai,i20,2010,Petrol,-,Manual,"84,400 km",-,"T Nagar, Chennai, Tamil Nadu","₹ 3,10,000"
91,Skoda,Rapid,1.6 MPI Active,2014,"92,000 km",Diesel,Manual,2nd,"Melkar, Narikombu, Karnataka","₹ 4,70,000"
92,Ford,Figo,2010-2012 Diesel Titanium,2010,"188,000 km",Diesel,Manual,2nd,"Kannankurichi, Salem, Tamil Nadu","₹ 2,35,000"
93,Chevrolet,Enjoy,2013-2015 TCDi LS 8 Seater,2014,"77,000 km",Diesel,Manual,1st,"Allauddin Basthi, Hyderabad, Telangana","₹ 4,10,000"
94,Maruti Suzuki,Celerio,ZXI AMT,2015,"35,153 km",Petrol,Automatic,-,"Lavakusha Nagar, Bengaluru, Karnataka","₹ 4,75,000"
95,Nissan,Sunny,XV,2014,"46,000 km",Petrol,Manual,1st,"Aranattukara, Thrissur, Kerala","₹ 4,75,000"
96,Chevrolet,Captiva,LTZ AWD Automatic,2012,"83,000 km",Diesel,Automatic,1st,"Bhakti Nagar, Aurangabad, Maharashtra","₹ 5,50,000"
97,Volkswagen,Polo,1.2 MPI Highline,2017,"80,000 km",Petrol,Manual,1st,"Thiruvannur, Kozhikode, Kerala","₹ 6,65,000"
98,Maruti Suzuki,Vitara Brezza,ZDi,2017,"85,000 km",Diesel,Manual,1st,"Venkata Ramana Colony, Kurnool, Andhra Pradesh","₹ 8,25,000"
99,Toyota,Innova Crysta,2.8Z Automatic,2018,"36,523 km",Diesel,Automatic,1st,"Malad West, Mumbai, Maharashtra","₹ 21,50,000"
100,Maruti Suzuki,Swift,2011-2014 VDI,2013,"80,000 km",Diesel,Manual,1st,"Banasar Bagh, Sangrur, Punjab","₹ 3,70,000"
101,Honda,City ZX,GXi,2007,"141,000 km",Petrol,Manual,2nd,"Vrindavan Colony, Jagdalpur, Chhattisgarh","₹ 2,90,000"
102,Chevrolet,Beat,Diesel LS,2012,"72,000 km",Diesel,Manual,2nd,"Aalinchuvadu, Tirur, Kerala","₹ 1,20,000"
103,Honda,City,2014-2015 i DTEC SV,2014,"53,000 km",Diesel,Manual,1st,"Off SG Highway, Ahmedabad, Gujarat","₹ 5,50,000"
104,MG,Hector,Sharp AT,2019,"20,000 km",Petrol,Automatic,1st,"Kapodra Chowk, Surat, Gujarat","₹ 17,50,000"
105,Toyota,Camry,2002-2011 W3 (MT),2008,-,55 km,-,-,"Vyttila, Kochi, Kerala","₹ 15,000"
106,Toyota,Etios Liva,2011-2012 GD,2013,"56,321 km",Diesel,Manual,1st,"Rabindra Nagar, Siliguri, West Bengal","₹ 2,49,101"
107,Maruti Suzuki,Ignis,1.3 Alpha,2017,"49,500 km",Diesel,Manual,2nd,"Vijyant Khand, Lucknow, Uttar Pradesh","₹ 5,90,000"
108,Maruti Suzuki,Omni,8 Seater BSIV,2016,"67,000 km",Petrol,Manual,2nd,"Ayodya Nagar, Bengaluru, Karnataka","₹ 2,85,000"
109,Maruti Suzuki,Ritz,VDi,2013,"59,000 km",Diesel,Manual,1st,"Kalol INA, Kalol, Gujarat","₹ 3,25,000"
110,Hyundai,Creta,1.6 SX Automatic,2018,"7,000 km",Petrol,Automatic,1st,"Bandra West, Mumbai, Maharashtra","₹ 15,00,000"
111,Maruti Suzuki,Zen,LX,2004,"100,000 km",Petrol,Manual,2nd,"Barra, Sirhind Fatehgarh Sahib, Punjab","₹ 80,000"
112,Hyundai,Elite i20,Sportz 1.2 OPT,2018,"40,000 km",Petrol,Manual,1st,"Pandara, Bhubaneshwar, Odisha","₹ 5,80,000"
113,Tata,Indigo Ecs,eCS GLX,2012,"59,000 km",Diesel,Manual,1st,"Kalol INA, Kalol, Gujarat","₹ 1,90,000"
114,Maruti Suzuki,Ciaz,2014-2017 VDi Plus SHVS,2016,"23,000 km",Diesel,Manual,1st,"Andheri West, Mumbai, Maharashtra","₹ 6,99,000"
115,Toyota,Etios,Etios G SP*,2011,"78,500 km",Petrol,Manual,1st,"Sector 61, Chandigarh, Chandigarh","₹ 3,25,000"
116,Skoda,Laura,Laura Ambition 2.0 TDI CR MT,2008,"159,979 km",Diesel,Manual,3rd,"Ajmer Road, Jaipur, Rajasthan","₹ 3,25,000"
117,BMW,5 Series,530i,2008,"59,000 km",Petrol,Automatic,1st,"Vikaspuri, Delhi, Delhi","₹ 5,85,000"
118,-,-,-,-,-,-,-,-,-,-
119,Mahindra,XUV500,2011-2015 W6 2WD,2014,"64,000 km",Diesel,Manual,1st,"Rohini, Delhi, Delhi","₹ 6,40,000"
120,Mahindra,Xylo,H4,2019,"27,852 km",Diesel,Manual,1st,"Chennai Air Port, Chennai, Tamil Nadu","₹ 9,12,000"
121,Hyundai,Creta,1.6 SX,2015,"74,237 km",Diesel,Manual,-,"Dwarka, Delhi, Delhi","₹ 7,55,000"
122,Maruti Suzuki,Swift,VDI BS IV,2017,"39,000 km",Diesel,Manual,1st,"Kalyan, Thane, Maharashtra","₹ 7,50,000"
123,Toyota,Corolla Altis,2013-2017 VL AT,2014,"65,300 km",Petrol,Automatic,1st,"Thane West, Thane, Maharashtra","₹ 8,99,000"
124,Maruti Suzuki,Swift Dzire Tour,LDI,2016,"97,000 km",Diesel,Manual,1st,"Hosakerehalli, Bengaluru, Karnataka","₹ 2,90,000"
125,Volvo,V40,D3 R Design,2015,"40,000 km",Diesel,Automatic,2nd,"Nagawara, Bengaluru, Karnataka","₹ 16,45,000"
126,Hyundai,Elite i20,Magna 1.4 CRDI,2015,"110,000 km",Diesel,Manual,1st,"Padivattom, Kochi, Kerala","₹ 5,10,000"
127,-,-,-,-,-,-,-,-,"Samudrapur, Maharashtra, India","₹ 6,600"
128,Ford,Ecosport,1.5 TDCi Titanium Plus,2013,"83,000 km",Diesel,Manual,1st,"Limbodi, Indore, Madhya Pradesh","₹ 6,25,000"
129,BMW,5 Series,520d,2009,"70,000 km",Diesel,Automatic,2nd,"Shivanand Colony, Coimbatore, Tamil Nadu","₹ 12,25,000"
130,Volkswagen,Ameo,1.2 MPI Highline,2018,"44,000 km",Petrol,Manual,1st,"Laxmi Nagar, Delhi, Delhi","₹ 5,40,000"
131,Renault,KWID,1.0 RXT,2018,"33,000 km",Petrol,Manual,1st,"Attapur, Hyderabad, Telangana","₹ 3,70,000"
132,Maruti Suzuki,Wagon R,2010-2012 LXI BS IV,2011,"72,455 km",Petrol,Manual,2nd,"Juhi Kalan, Kanpur, Uttar Pradesh","₹ 2,00,000"
133,Mahindra,eKUV100,Others,2016,"210,000 km",Diesel,Manual,1st,"Benzco, Vijayawada, Andhra Pradesh","₹ 3,00,000"
134,Maruti Suzuki,Swift Dzire,Regal,2014,"60,000 km",Diesel,Automatic,1st,"Sector 11, Faridabad, Haryana","₹ 4,10,000"
135,Hyundai,Fluidic Verna,1.6 CRDi SX,2012,"90,000 km",Diesel,Manual,2nd,"Karthikeya Nagar Nacharam, Hyderabad, Telangana","₹ 4,35,000"
136,Maruti Suzuki,Wagon R,VXI Opt,2018,"29,000 km",Petrol,Manual,1st,"Jaman Nagar, Jaipur, Rajasthan","₹ 4,75,000"
137,Other Brands,Others,2020,"13,800 km",-,-,-,-,"LB Nagar, Hyderabad, Telangana","₹ 1,68,000"
138,Maruti Suzuki,Celerio,VXI MT,2019,"13,600 km",Petrol,Manual,1st,"Grain Market, Pundri, Haryana","₹ 4,00,000"
139,-,-,-,-,-,-,-,-,"Samudrapur, Maharashtra, India",₹ 550
140,Hyundai,Creta,1.4 E Plus Diesel,2020,"23,000 km",Diesel,Manual,1st,"Tilak Nagar, Delhi, Delhi","₹ 10,52,000"
141,Hyundai,Elite i20,Sportz 1.2,2017,"20,000 km",Petrol,Manual,2nd,"serampore, Hooghly, West Bengal","₹ 5,15,000"
142,Hyundai,Elite i20,Sportz (O) 1.2,2017,"27,000 km",Petrol,Manual,1st,"Laxmi Nagar, Delhi, Delhi","₹ 5,85,000"
143,Ford,Figo,2010-2012 Diesel ZXI,2010,"90,000 km",Diesel,Manual,2nd,"Benzco, Vijayawada, Andhra Pradesh","₹ 2,10,000"
144,Bajaj,Others,Others,2011,"50,000 km",Petrol,Manual,3rd,"Pothencode, Thiruvananthapuram, Kerala","₹ 29,000"
145,Mahindra,Bolero,DI NON AC BS III White,2014,"94,000 km",Diesel,Manual,1st,"Jalgaon Krishi Utpan Bazar Samity, Jalgaon, Maharashtra","₹ 5,25,000"
146,Hyundai,i10,Sportz 1.2 KAPPA VTVT,2011,"72,531 km",Petrol,Manual,1st,"Sector 60 Phase 3B2, Mohali, Punjab","₹ 2,62,000"
147,Houses & Villas,1,1,2000,2,1000,Yes,3+,"Sant Dynaneswar Ward, Hinganghat, Maharashtra","₹ 1,000"
148,Hyundai,i20 Active,1.4 SX,2015,"106,000 km",Diesel,Manual,1st,"Suchitra Road, Hyderabad, Telangana","₹ 5,90,000"
149,Tata,Nano,2012-2015 LX SE,2014,1st,Petrol,"45,252 km",-,"Ekta Colony, Durg, Chhattisgarh","₹ 80,000"
150,Ford,Figo,Titanium Diesel,2012,"62,000 km",Diesel,Manual,2nd,"Domlur, Bengaluru, Karnataka","₹ 3,55,000"
151,Mahindra,Bolero,SLX BS IV,2015,"49,875 km",Diesel,Manual,1st,"Juhi Kalan, Kanpur, Uttar Pradesh","₹ 5,95,000"
152,Hyundai,Fluidic Verna,1.6 CRDi SX,2012,"83,000 km",Diesel,Manual,1st,"Thindal Malai, Erode, Tamil Nadu","₹ 5,20,000"
153,Maruti Suzuki,Swift,VDI,2016,"84,469 km",Diesel,Manual,-,"DLF City, Gurgaon, Haryana","₹ 4,15,000"
154,Toyota,Fortuner,2009-2011 3.0 Diesel,2012,"75,000 km",Diesel,Manual,1st,"Subhash Nagar, Dehradun, Uttaranchal","₹ 12,70,000"
155,Maruti Suzuki,Wagon R,VXI,2014,"60,000 km",Petrol,Manual,1st,"Atladra Padra Road, Vadodara, Gujarat","₹ 3,25,000"
156,Tata,Safari,DICOR 2.2 EX 4x2,2007,"110,000 km",Diesel,Manual,1st,"Lila Bhawan, Patiala, Punjab","₹ 1,70,000"
157,Honda,City,i-VTEC CVT ZX,2017,"48,995 km",Petrol,Automatic,1st,"Kanjurmarg East, Mumbai, Maharashtra","₹ 9,59,700"
158,Ford,Ecosport,2016,Diesel,-,Manual,"85,468 km",-,"Lavakusha Nagar, Bengaluru, Karnataka","₹ 7,50,000"
159,-,-,-,-,-,-,-,-,-,-
160,BMW,8 Series,Others,2020,-,666 km,-,-,"Malappuram Up Hill, Malappuram, Kerala","₹ 5,00,000"
161,Tata,Indigo,1.4 GLS BSIII,2005,"45,000 km",CNG & Hybrids,Manual,2nd,"Bhalwahi, Koeripur, Uttar Pradesh","₹ 65,000"
162,Honda,City,1997-2006 1.5 EXI,2006,"83,577 km",Petrol,Manual,2nd,"Radha Krishna Nagar, Mumbai, Maharashtra","₹ 1,55,000"
163,Mahindra,Xylo,2012-2014 E8 ABS BS IV,2011,"72,152 km",Diesel,Manual,2nd,"Ram Krishna Pally, English Bazar, West Bengal","₹ 3,90,000"
164,Mahindra,Scorpio,S10 7 Seater,2015,"78,000 km",Diesel,Manual,1st,"Hsr Layout Sector 7, Bengaluru, Karnataka","₹ 9,50,000"
165,Mahindra,Xylo,2012-2014 E4 BS IV,2012,2nd,Diesel,"70,000 km",-,"Vasantha Nagar, Tirunelveli, Tamil Nadu","₹ 5,45,000"
166,Honda,City,2014-2015 i DTEC SV,2014,"73,000 km",Diesel,Manual,1st,"Kakkanad, Kochi, Kerala","₹ 7,00,000"
167,Tata,Safari,EXi 4X2 BSIII,2002,"81,423 km",Diesel,Manual,1st,"Ashram Road, Ahmedabad, Gujarat","₹ 1,15,000"
168,Maruti Suzuki,Estilo,LXi BS-IV,2013,"46,111 km",Petrol,Manual,1st,"Madurdaha, Kolkata, West Bengal","₹ 2,15,000"
169,Chevrolet,Enjoy,1.3 TCDi LT 7,2015,"100,000 km",Diesel,Manual,1st,"Civile Line, Gurdaspur, Punjab","₹ 3,50,000"
170,Hyundai,Fluidic Verna,1.6 CRDi SX,2012,"50,000 km",Diesel,Automatic,1st,"Sunder Nagar, Ahmedabad, Gujarat","₹ 4,50,000"
171,Mercedes-Benz,CLK Class,Others,2008,"31,000 km",Diesel,Automatic,1st,"Kalol INA, Kalol, Gujarat","₹ 11,50,000"
172,Audi,Q7,3.0 TDI quattro,2009,"149,357 km",Diesel,Automatic,2nd,"Ranjit Nagar, Ludhiana, Punjab","₹ 9,99,000"
173,Kia,Seltos,GTX Plus,2019,"31,772 km",Petrol,Manual,1st,"Bandra West, Mumbai, Maharashtra","₹ 16,21,000"
174,Honda,City,i-VTEC VX,2016,"46,000 km",Petrol,Manual,1st,"Elgin Road, Kolkata, West Bengal","₹ 6,55,000"
175,Maruti Suzuki,Swift Dzire,VXI,2009,"24,600 km",Petrol,Manual,1st,"Andheri East, Mumbai, Maharashtra","₹ 2,75,000"
176,-,-,-,-,-,-,-,-,-,-
177,Tata,Aria,2010-2013 Prestige 4x2,2013,"90,000 km",Diesel,Manual,1st,"Andheri West, Mumbai, Maharashtra","₹ 3,85,000"
178,Maruti Suzuki,Swift,LXI,2009,"77,000 km",CNG & Hybrids,Manual,2nd,"SG Highway, Ahmedabad, Gujarat","₹ 2,65,000"
179,Maruti Suzuki,Alto 800,2012-2016 LXI,2016,"21,019 km",Petrol,Manual,1st,"Udaygiri, Taliparamba, Kerala","₹ 2,70,000"
180,For Sale,Owner,5,-,-,-,-,-,"Samudrapur, Maharashtra, India","₹ 25,00,000"
181,Chevrolet,Sail Hatchback,2012-2013 LT Limited Edition,2013,"70,000 km",Diesel,Manual,2nd,"Ghanshyam Vihar Colony, Satna, Madhya Pradesh","₹ 3,10,000"
182,Maruti Suzuki,SX4,VDI,2012,"69,000 km",Diesel,Manual,1st,"LB Nagar, Hyderabad, Telangana","₹ 4,15,000"
183,Ford,Ecosport,1.5 TDCi Titanium BE,2017,"74,000 km",Diesel,Manual,1st,"Limbodi, Indore, Madhya Pradesh","₹ 8,11,000"
184,Chevrolet,Spark,1.0 LS BS3,2009,"69,000 km",CNG & Hybrids,Manual,2nd,"Off SG Highway, Ahmedabad, Gujarat","₹ 1,45,000"
185,Tata,Others,Others,2018,"68,000 km",Diesel,Manual,2nd,"Malow Ali, Jorhat, Assam","₹ 3,40,000"
186,Toyota,Innova,2.5 V 8 STR,2014,"147,000 km",Diesel,Manual,4th,"Swami Vivekananda Nagar, Madurai, Tamil Nadu","₹ 10,50,000"
187,Mahindra,Scorpio,2002-2013 2.6 CRDe,2004,"94,000 km",Diesel,Manual,2nd,"Ghatkopar West, Mumbai, Maharashtra","₹ 1,70,000"
188,Honda,Jazz,1.5 V i DTEC,2016,"51,000 km",Diesel,Manual,1st,"Naroda, Ahmedabad, Gujarat","₹ 4,75,000"
189,Maruti Suzuki,SX4,2007-2012 ZDI,2012,565 km,Petrol,Automatic,2nd,"Vyttila, Kochi, Kerala","₹ 15,000"
190,Tata,Harrier,XZ,2019,"60,595 km",Diesel,Manual,1st,"MG Road, Indore, Madhya Pradesh","₹ 15,51,000"
191,Ford,Figo,2010-2012 Diesel ZXI,2013,"98,000 km",Diesel,Manual,2nd,"Tilak Nagar, Jaipur, Rajasthan","₹ 1,80,000"
192,Chevrolet,Spark,2007-2012 1.0 LT,2011,"47,000 km",Petrol,Manual,1st,"Pirwadi, Satara, Maharashtra","₹ 1,85,000"
193,For Sale,Owner,32,32,32 Acer Agriculture Land,32,North,-,"Samudrapur, Maharashtra, India","₹ 3,20,00,000"
194,Hyundai,EON,Magna Plus Option,2017,"22,000 km",Petrol,Manual,1st,"Varanasi Cantonment, Varanasi, Uttar Pradesh","₹ 2,75,000"
195,-,-,-,-,-,-,-,-,"Samudrapur MIDC, Maharashtra, India",₹ 499
196,Maruti Suzuki,Zen,Std,1997,"58,000 km",Petrol,Manual,2nd,"Karukachal, Kottayam, Kerala","₹ 50,000"
197,Mahindra,Others,Others,2021,524 km,Diesel,Manual,1st,"Sector 61, Mohali, Punjab","₹ 17,50,000"
198,Skoda,Rapid,1.5 TDI Manual active ambition style,2012,"60,000 km",Diesel,Manual,1st,"Anamika Enclave, Gurgaon, Haryana","₹ 3,25,000"
199,Audi,Q7,45 TDI Quattro Premium Plus,2019,"48,000 km",Diesel,Automatic,1st,"Navrangpura, Ahmedabad, Gujarat","₹ 65,00,000"
200,Hyundai,i10,1.2 Kappa Magna,2009,"60,000 km",Petrol,Manual,2nd,"Bhikaji Cama Place, Delhi, Delhi","₹ 1,50,000"
201,Ford,Endeavour,2.2 Titanium AT 4X2,2010,"100,000 km",Diesel,Manual,2nd,"Terra Kalan, Ajnala, Punjab","₹ 5,28,000"
202,Toyota,Innova,2.5 V 8 STR,2011,"59,253 km",Diesel,Manual,2nd,"Andheri East, Mumbai, Maharashtra","₹ 5,65,000"
203,Toyota,Innova Crysta,2.7 GX AT 8S,2020,"9,000 km",Diesel,Automatic,1st,"Kalyan, Thane, Maharashtra","₹ 21,50,000"
204,Hyundai,Grand i10,1.2 Kappa Magna,2019,"8,500 km",Petrol,Manual,1st,"Kodimatha, Kottayam, Kerala","₹ 5,45,000"
205,BMW,X1,2010-2012 sDrive20d,2014,"67,000 km",Diesel,Automatic,2nd,"Telibandha, Raipur, Chhattisgarh","₹ 14,50,000"
206,Toyota,Etios Liva,1.4 VXD,2018,"70,000 km",Diesel,Manual,1st,"Thindal Malai, Erode, Tamil Nadu","₹ 7,40,000"
207,Datsun,GO,T,2014,"58,000 km",Petrol,Manual,1st,"Balkampet, Hyderabad, Telangana","₹ 2,70,000"
208,Hyundai,Santro Xing,GLS LPG,2010,"89,000 km",Petrol,Manual,2nd,"Chinnakandanur, Kodumudi, Tamil Nadu","₹ 2,48,000"
209,Hyundai,Verna,2019,Diesel,-,13 km,-,-,"Tripunithura, Kochi, Kerala","₹ 8,88,888"
210,Jeep,Others,Others,1967,"15,055 km",Diesel,Manual,2nd,"Mahadev Nagar, Jaipur, Rajasthan","₹ 4,25,000"
211,Hyundai,Verna,2006-2010 CRDi,2007,"48,247 km",Diesel,Manual,1st,"Madurdaha, Kolkata, West Bengal","₹ 1,55,000"
212,Mahindra,XUV500,W8 2WD,2012,"92,000 km",Diesel,Manual,2nd,"Chandigarh Airport Area, Chandigarh, Chandigarh","₹ 5,50,000"
213,Mahindra,Others,2020,"5,555 km",-,-,-,-,"Vyttila, Kochi, Kerala","₹ 50,000"
214,Hyundai,Grand i10,2013-2016 Magna,2015,"37,077 km",Petrol,Manual,2nd,"Sector 46, Gurgaon, Haryana","₹ 3,45,050"
215,Volkswagen,Polo,2009-2013 Petrol Comfortline 1.2L,2013,"16,779 km",Petrol,Manual,1st,"CBD Belapur, Navi Mumbai, Maharashtra","₹ 2,96,000"
216,Maruti Suzuki,Wagon R Duo,Others,2008,"108,000 km",LPG,Manual,1st,"Bavdhan, Pune, Maharashtra","₹ 2,10,000"
217,Mahindra,Marazzo,M8,2018,1st,Diesel,"31,000 km",-,"Sion West, Mumbai, Maharashtra","₹ 11,60,000"
218,Toyota,Innova Crysta,2.8 GX AT,2018,"42,000 km",Diesel,Automatic,1st,"Swarajnagar, Ahmedabad, Gujarat","₹ 16,50,000"
219,Mahindra,Scorpio,S11,2018,"25,000 km",Diesel,Manual,2nd,"Ashok Nagar, Sri Ganganagar, Rajasthan","₹ 15,65,000"
220,Mahindra,Scorpio,2002-2013 VLX,2008,"160,000 km",Diesel,Manual,2nd,"Parappalayam, Tiruppur, Tamil Nadu","₹ 6,50,000"
221,Mercedes-Benz,S-Class,S 350 L,2008,"78,000 km",Petrol,Automatic,2nd,"Baba Nagar, Delhi, Delhi","₹ 7,00,000"
222,Skoda,Rapid,2013-2016 1.5 TDI Elegance,2015,"780,000 km",Diesel,Manual,1st,"Panampilly Nagar, Kochi, Kerala","₹ 5,75,000"
223,Honda,City,2011-2013 S,2012,"82,000 km",Petrol,Manual,1st,"Mulund West, Mumbai, Maharashtra","₹ 3,80,000"
224,BMW,7 Series,760i Sedan,2012,-,5 km,-,-,"Vyttila, Kochi, Kerala","₹ 15,000"
225,-,-,-,-,-,-,-,-,"Samudrapur, Maharashtra, India",₹ 599
226,Maruti Suzuki,Alto 800,LXI Opt,2016,"46,000 km",Petrol,Manual,1st,"Rohini Sector 10, Delhi, Delhi","₹ 2,81,000"
227,Maruti Suzuki,Alto 800,LXI,2012,"65,010 km",Petrol,Manual,-,"Balkampet, Hyderabad, Telangana","₹ 2,40,000"
228,Ford,Figo,Titanium Diesel,2010,"72,000 km",Diesel,Manual,1st,"Banashankari, Bengaluru, Karnataka","₹ 2,45,000"
229,Jaguar,XJ,L 3.0 Diesel,2013,"42,000 km",Diesel,Automatic,1st,"Greater Kailash, Delhi, Delhi","₹ 27,00,000"
230,Hyundai,Elite i20,Sportz 1.2 OPT,2020,"7,000 km",Petrol,Manual,1st,"Kodambakkam Zacharia Colony, Chennai, Tamil Nadu","₹ 7,84,000"
231,-,-,-,-,-,-,-,-,-,-
232,BMW,X1,xDrive 20d xLine,2012,"60,000 km",Diesel,Automatic,2nd,"Versova, Mumbai, Maharashtra","₹ 7,75,000"
233,Hyundai,Xcent,2017,Diesel,1st,Manual,"58,000 km",-,"Thergaon, Pune, Maharashtra","₹ 3,65,000"
234,Chevrolet,Cruze,2010-2011 LTZ,2010,"103,400 km",Diesel,Manual,2nd,"Swastik Vihar, Panchkula, Haryana","₹ 4,35,000"
235,Mitsubishi,Pajero,Sport 4X4 AT,2015,"57,000 km",Diesel,Automatic,1st,"Kodambakkam Taylor Estate, Chennai, Tamil Nadu","₹ 14,00,000"
236,Toyota,Innova,2.5 V 8 STR,2011,"167,000 km",Diesel,Manual,3rd,"Karamana, Thiruvananthapuram, Kerala","₹ 7,00,000"
237,Mahindra,Thar,2010-2015 4X4,2012,"58,000 km",Diesel,Manual,2nd,"Preet Vihar, Delhi, Delhi","₹ 4,40,000"
238,Toyota,Fortuner,2015,Diesel,-,Manual,"69,500 km",-,"Burari, Delhi, Delhi","₹ 12,50,000"
239,Toyota,Fortuner,2.8 2WD MT,2018,"78,000 km",Diesel,Manual,1st,"MG Road, Indore, Madhya Pradesh","₹ 31,00,000"
240,Mahindra,NuvoSport,N8 AMT,2016,"40,582 km",Diesel,Automatic,1st,"Andheri West, Mumbai, Maharashtra","₹ 7,10,000"
241,Maruti Suzuki,Swift Dzire,1.2 Vxi BSIV,2011,"48,000 km",Petrol,Manual,2nd,"Savoli Sector 1, Navi Mumbai, Maharashtra","₹ 2,95,000"
242,Maruti Suzuki,800,AC BSIII,2008,-,"89,912 km",-,-,"Palarivattom, Kochi, Kerala","₹ 1,00,000"
243,Tata,Nano,2012-2015 LX,2012,"36,000 km",Petrol,Manual,1st,"Khagithopha, Bengaluru, Karnataka","₹ 1,15,000"
244,Hyundai,Elite i20,Magna 1.4 CRDI,2018,"67,588 km",Diesel,Manual,1st,"Gokulam, Mysuru, Karnataka","₹ 8,40,000"
245,-,-,-,-,-,-,-,-,"Samudrapur, Maharashtra, India",₹ 599
246,-,-,-,-,-,-,-,-,"Samudrapur, Maharashtra, India","₹ 1,000"
247,Maruti Suzuki,Swift Dzire,Swift Dzire Tour,2015,"110,722 km",Diesel,Manual,1st,"Karmanghat, Hyderabad, Telangana","₹ 3,50,000"
248,Maruti Suzuki,Swift Dzire,ZDI,2016,"60,000 km",Diesel,Automatic,1st,"Rohini Sector 3, Delhi, Delhi","₹ 4,70,000"
249,Maruti Suzuki,Swift Dzire,LDI Optional,2015,"93,000 km",Diesel,Manual,1st,"Tolichowki, Hyderabad, Telangana","₹ 3,35,000"
250,Maruti Suzuki,Alto K10,VXI,2014,"50,000 km",Petrol,Manual,1st,"Raja Park, Jaipur, Rajasthan","₹ 2,50,000"
251,Maruti Suzuki,Swift Dzire,VDI,2014,"70,500 km",Diesel,Manual,1st,"Sarthana Jakatnaka, Surat, Gujarat","₹ 4,50,000"
252,Hyundai,i20,2009-2011 Sportz Option,2011,"56,000 km",Petrol,Manual,1st,"Pitampura, Delhi, Delhi","₹ 2,42,000"
253,Nissan,Sunny,XV,2013,"55,000 km",Petrol,Manual,1st,"New Friends Colony, Delhi, Delhi","₹ 2,50,000"
254,Honda,City,i-VTEC SV,2017,"28,076 km",Petrol,Manual,1st,"Nerkundram Valavinayear Nagar, Chennai, Tamil Nadu","₹ 7,51,800"
255,Tata,Tigor,1.05 Revotorq XE,2018,"58,000 km",Diesel,Manual,1st,"Vengoor, Angamaly, Kerala","₹ 4,99,000"
256,Mahindra,Thar,CRDE 4X4 BS IV,2017,"20,000 km",Diesel,Manual,1st,"Sadahalli, Bengaluru, Karnataka","₹ 11,00,000"
257,Tata,Indigo,LS TDI BS-III,2007,2nd,Diesel,"93,000 km",-,"Usuppur, Chidambaram, Tamil Nadu","₹ 1,08,000"
258,Hyundai,Verna,CRDi 1.6 AT SX Option,2018,"49,000 km",Diesel,Automatic,2nd,"Sant Nagar, Pune, Maharashtra","₹ 11,95,000"
259,-,-,-,-,-,-,-,-,"Samudrapur, Maharashtra, India",₹ 699
260,Mahindra,Bolero Power Plus,SLE,2017,"48,200 km",Diesel,Manual,1st,"Kathra, Nagram, Uttar Pradesh","₹ 6,45,000"
261,Maruti Suzuki,Zen,LXI,2002,"8,000 km",Petrol,Manual,2nd,"Apana Nagar, Parbhani, Maharashtra","₹ 55,000"
262,Renault,Duster,85PS Diesel RxL,2014,"51,000 km",Diesel,Manual,2nd,"Palaj, Gujarat, India","₹ 4,25,000"
263,Datsun,GO,T,2016,"40,510 km",Petrol,Manual,1st,"Jodhpur Village, Ahmedabad, Gujarat","₹ 2,30,000"
264,Hyundai,Elite i20,Asta 1.2 (O),2016,"8,000 km",Diesel,Manual,2nd,"Nana Varachha, Surat, Gujarat","₹ 6,11,000"
265,-,-,-,-,-,-,-,-,-,-
266,Ford,Ecosport,1.5 Diesel Titanium,2017,"45,000 km",Diesel,Manual,1st,"Anamika Enclave, Gurgaon, Haryana","₹ 7,45,000"
267,Toyota,Innova,2.5 G (Diesel) 8 Seater BS IV,2012,"76,000 km",Diesel,Manual,2nd,"Sector 2, Bhilai, Chhattisgarh","₹ 7,00,000"
268,Audi,Q3,35 TDI Premium + Sunroof,2017,"37,000 km",Diesel,Automatic,1st,"Beltola, Guwahati, Assam","₹ 22,45,000"
269,Hyundai,Santa Fe,4WD AT,2014,"88,000 km",Diesel,Automatic,1st,"Shiv Mandir Society, Surat, Gujarat","₹ 11,50,000"
270,Land Rover,Range Rover,2014-2017 LWB 3.0 Vogue,2003,"75,000 km",Diesel,Automatic,2nd,"Bandra West, Mumbai, Maharashtra","₹ 13,50,000"
271,Maruti Suzuki,Ritz,VXi,2011,"65,000 km",Petrol,Manual,1st,"Ranjhi, Jabalpur, Madhya Pradesh","₹ 2,30,000"
272,Mahindra,Others,2014,Diesel,1st,Manual,"26,000 km",-,"Balkampet, Hyderabad, Telangana","₹ 1,45,000"
273,Ford,Fusion,1.4 TDCi Diesel,2009,"90,000 km",Diesel,Manual,2nd,"Bhadur Hussain, Batala, Punjab","₹ 1,60,000"
274,Renault,KWID,RXL,2016,"70,000 km",Petrol,Manual,1st,"Hope College, Coimbatore, Tamil Nadu","₹ 3,20,000"
275,Maruti Suzuki,Zen Estilo,Zen Estilo LXI,2010,"156,000 km",CNG & Hybrids,Manual,1st,"Sector 2, Faridabad, Haryana","₹ 1,65,000"
276,Maruti Suzuki,Vitara Brezza,VDi Option,2018,"39,400 km",Diesel,Manual,1st,"Preet Vihar, Delhi, Delhi","₹ 7,50,000"
277,Mahindra,XUV500,W8 2WD,2012,"80,000 km",Diesel,Manual,2nd,"Kodambakkam Taylor Estate, Chennai, Tamil Nadu","₹ 6,75,000"
278,Toyota,Etios,1.4 GD,2016,"130,000 km",Diesel,Manual,2nd,"Infantry Road, Bengaluru, Karnataka","₹ 4,10,000"
279,Maruti Suzuki,Wagon R,1999-2006 LXI BSIII,2003,"112,000 km",Petrol,Manual,2nd,"Ommasseri, Kozhikode, Kerala","₹ 1,05,000"
280,Volkswagen,Jetta,2.0 TDI Comfortline,2011,"88,000 km",Diesel,Manual,1st,"Saptrang Chowk, Nashik, Maharashtra","₹ 4,90,000"
281,BMW,3 Series GT,3 Series GT 320d GT Luxury Line,2015,"43,000 km",Diesel,Automatic,2nd,"Lajpat Nagar 1, Delhi, Delhi","₹ 22,90,000"
282,Maruti Suzuki,Swift Dzire,AMT ZDI Plus,2019,"38,700 km",Diesel,Automatic,1st,"Nirman Nagar, Jaipur, Rajasthan","₹ 9,25,000"
283,Maruti Suzuki,Baleno,1.3 Zeta,2019,"10,000 km",Diesel,Manual,1st,"Kuthuparamba, Koothuparamba, Kerala","₹ 1,00,000"
284,Renault,Duster,RXS,2020,"5,339 km",Petrol,Manual,1st,"Singasandra, Bengaluru, Karnataka","₹ 10,35,000"
285,Hyundai,i20,1.4 Magna Executive,2009,"56,000 km",Petrol,Manual,1st,"Abids, Hyderabad, Telangana","₹ 1,75,000"
286,Audi,A4,"2.0 TDI (177bhp), Premium",2012,"82,000 km",Diesel,Automatic,2nd,"Swarup Nagar, Nagpur, Maharashtra","₹ 14,21,000"
287,Hyundai,i10,Sportz,2011,"39,200 km",Petrol,Manual,1st,"Bandra West, Mumbai, Maharashtra","₹ 2,95,000"
288,Datsun,RediGO,T Option,2017,"84,000 km",Petrol,Manual,2nd,"Benzco, Vijayawada, Andhra Pradesh","₹ 2,85,000"
289,Maruti Suzuki,Swift Dzire,VDI,2014,"80,000 km",Diesel,Manual,-,"Sector 14, Gurgaon, Haryana","₹ 4,00,000"
290,BMW,3 Series,320d,2012,"57,000 km",Diesel,Automatic,1st,"Shakarpur, Delhi, Delhi","₹ 13,74,999"
291,Maruti Suzuki,A-Star,Lxi,2013,"68,000 km",Petrol,Manual,1st,"Sector 37, Gurgaon, Haryana","₹ 2,65,000"
292,Volkswagen,Polo,GT TSI,2016,"20,418 km",Petrol,Automatic,1st,"Borivali West, Mumbai, Maharashtra","₹ 7,25,000"
293,Hyundai,i10,Sportz 1.1 LPG,2012,"50,000 km",Petrol,Manual,1st,"Jubilee Hills, Hyderabad, Telangana","₹ 3,60,000"
294,Honda,City,2014-2015 i VTEC V,2013,"112,000 km",Petrol,Manual,1st,"Kodambakkam Zacharia Colony, Chennai, Tamil Nadu","₹ 6,00,000"
295,Maruti Suzuki,Swift,LDI Optional,2017,"80,000 km",Diesel,Manual,1st,"Dwarka Nagar, Visakhapatnam, Andhra Pradesh","₹ 5,49,999"
296,Maruti Suzuki,Omni,LPG BS-III,2007,"135,000 km",LPG,Automatic,3rd,"Pernambut, Gudiyatham, Tamil Nadu","₹ 1,35,000"
297,Honda,City,2008-2011 1.5 S MT,2009,"90,000 km",Petrol,Manual,1st,"Hope College, Coimbatore, Tamil Nadu","₹ 4,00,000"
298,Mercedes-Benz,S-Class,S 500,2013,"60,000 km",Petrol,Automatic,3rd,"Bandra West, Mumbai, Maharashtra","₹ 22,00,000"
299,Honda,City,2014-2015 i VTEC S,2014,"79,800 km",Petrol,Manual,1st,"Kinfra Industries Park, Koratty, Kerala","₹ 5,95,000"
300,Tata,Indica,DLE,2003,"98,000 km",Diesel,Manual,2nd,"Sector 63, Mohali, Punjab","₹ 60,000"
301,Hyundai,Grand i10,1.2 Kappa Sportz,2008,"79,000 km",CNG & Hybrids,Manual,1st,"Vadsar, Vadodara, Gujarat","₹ 1,71,000"
302,Hyundai,i10,1.2 Kappa Magna,2010,"60,350 km",CNG & Hybrids,Manual,2nd,"Sarthana Jakatnaka, Surat, Gujarat","₹ 2,45,000"
303,Hyundai,i20,Diesel Asta,2014,"70,000 km",Diesel,Manual,2nd,"Attapur, Hyderabad, Telangana","₹ 4,90,000"
304,Renault,Duster,110PS Diesel RxL,2014,"73,000 km",Diesel,Manual,2nd,"Nehru Nagar, Agra, Uttar Pradesh","₹ 4,10,000"
305,Ambassador,Ambassador,CLASSIC 1500 DSL AC,2002,"89,000 km",Diesel,Manual,1st,"Chathalloor, Perinthalmanna, Kerala","₹ 85,000"
306,Maruti Suzuki,Swift,Others,2013,"87,000 km",Diesel,Manual,1st,"Chandigarh Airport Area, Chandigarh, Chandigarh","₹ 3,65,000"
307,Maruti Suzuki,S Cross,Sigma DDiS 200 SH,2015,"81,611 km",Diesel,Manual,1st,"Chintala Kunta, Hyderabad, Telangana","₹ 6,00,000"
308,Hyundai,Fluidic Verna,1.4 CRDi,2017,"54,000 km",Diesel,Manual,1st,"Usmanpura, Ahmedabad, Gujarat","₹ 7,34,999"
309,Ford,Figo,1.2P Titanium MT,2016,"32,000 km",Petrol,Manual,1st,"KR Puram, Bengaluru, Karnataka","₹ 5,40,000"
310,Maruti Suzuki,Baleno,2016,Petrol,-,Manual,"38,391 km",-,"Jayanagar, Bengaluru, Karnataka","₹ 6,72,000"
311,Maruti Suzuki,Swift,2018 ZXI,2018,"84,000 km",Petrol,Manual,1st,"Basaveshvara Nagar, Bengaluru, Karnataka","₹ 7,25,000"
312,Ford,Ecosport,1.5 Diesel Titanium,2019,"58,000 km",Diesel,Manual,1st,"Varacha, Surat, Gujarat","₹ 9,11,000"
313,Ford,Figo,2010-2012 Diesel Titanium,2010,"105,000 km",Diesel,Manual,2nd,"Kizhakkambalam, Kunnathunad, Kerala","₹ 2,15,000"
314,Hyundai,Elantra,1.6 SX Option AT,2013,"98,000 km",Diesel,Automatic,1st,"Vijyant Khand, Lucknow, Uttar Pradesh","₹ 7,50,000"
315,Hyundai,i20,2010,Petrol,1st,Manual,"51,300 km",-,"Pitampura, Delhi, Delhi","₹ 2,21,000"
316,-,-,-,-,-,-,-,-,-,-
317,Maruti Suzuki,Swift,VDI,2010,"100,000 km",Diesel,Manual,2nd,"Basaveshvara Nagar, Bengaluru, Karnataka","₹ 3,45,000"
318,Mahindra,XUV500,W8 2WD,2013,"125,000 km",Diesel,Manual,2nd,"Chelamattom, Perumbavoor, Kerala","₹ 6,40,000"
319,Maruti Suzuki,Swift,VXI,2015,"82,809 km",Petrol,Manual,1st,"Venpalavattom, Thiruvananthapuram, Kerala","₹ 4,50,000"
320,Maruti Suzuki,Swift,VDI BS IV,2015,"71,000 km",Diesel,Manual,1st,"Viraj Society, Mumbai, Maharashtra","₹ 5,11,000"
321,Ford,Ecosport,1.5 Petrol Titanium Plus AT,2018,"12,000 km",Petrol,Automatic,1st,"Anna Nagar, Chennai, Tamil Nadu","₹ 10,50,000"
322,Skoda,Rapid,2011-2013 1.6 TDI Ambition Plus,2013,"133,000 km",Diesel,Manual,1st,"Ganeshnagar, Karimnagar, Telangana","₹ 4,30,000"
323,Hyundai,EON,Era +,2014,"14,000 km",Petrol,Manual,1st,"Amar Jyoti Layout, Bengaluru, Karnataka","₹ 3,00,000"
324,Maruti Suzuki,Wagon R,2010-2012 VXI BS IV,2011,"78,000 km",Petrol,Manual,1st,"Satpur Colony, Nashik, Maharashtra","₹ 2,75,000"
325,Hyundai,Xcent,1.2 VTVT S,2017,"55,000 km",Petrol,Manual,1st,"Jaman Nagar, Jaipur, Rajasthan","₹ 5,25,000"
326,Tata,Nexon,1.2 Revotron XT,2017,"33,000 km",Petrol,Manual,1st,"Thiruvannur, Kozhikode, Kerala","₹ 6,90,000"
327,Ford,Figo,1.2P Titanium MT,2010,"80,000 km",Petrol,Manual,2nd,"Godavarikhani, Ramagundam, Telangana","₹ 2,10,000"
328,Toyota,Fortuner,2.8 4WD MT,2012,"121,000 km",Diesel,Manual,1st,"Sector 28C, Chandigarh, Chandigarh","₹ 12,85,000"
329,-,-,-,-,-,-,-,-,-,-
330,Fiat,Grande Punto,2009-2013 1.3 Emotion Pack (Diesel),2011,"79,386 km",Diesel,Manual,1st,"Rasta Peth, Pune, Maharashtra","₹ 2,75,000"
331,Volkswagen,Polo,1.2 MPI Highline Plus,2016,"39,000 km",Petrol,Manual,2nd,"MG Road, Indore, Madhya Pradesh","₹ 5,50,000"
332,Maruti Suzuki,Ritz,VDi,2011,"73,094 km",Diesel,Manual,1st,"Yelhanka - Doddaballapur Road, Bengaluru, Karnataka","₹ 3,65,000"
333,Hyundai,Verna,2010-2011 Transform CRDi VGT SX ABS,2010,"87,000 km",Diesel,Automatic,2nd,"Hsr Layout Sector 7, Bengaluru, Karnataka","₹ 3,80,000"
334,Volvo,S60,D4 R-Design,2014,"108,300 km",Diesel,Automatic,2nd,"Jubilee Hills, Hyderabad, Telangana","₹ 15,00,000"
335,Maruti Suzuki,Celerio,2014-2017 ZXI AT,2016,"39,000 km",Petrol,Manual,1st,"Banashankari Stage 3, Bengaluru, Karnataka","₹ 4,65,000"
336,Hyundai,Creta,1.4 E Plus Diesel,2019,"25,000 km",Diesel,Manual,1st,"Geeta Colony, Delhi, Delhi","₹ 9,70,000"
337,Mahindra,Xylo,H4 BS IV,2019,"35,000 km",Diesel,Manual,1st,"Tambaram, Chennai, Tamil Nadu","₹ 8,92,000"
338,Hyundai,EON,Era Plus,2013,"32,000 km",Petrol,Manual,2nd,"Nungambakkam, Chennai, Tamil Nadu","₹ 2,49,000"
339,Tata,Indica Vista,2008-2013 Aqua 1.3 Quadrajet (ABS),2009,"80,920 km",Diesel,Manual,3rd,"Friends Colony, Mukerian, Punjab","₹ 1,00,000"
340,Other Brands,Others,2015,"4,000 km",-,1st,-,-,"Jalukbari, Guwahati, Assam","₹ 3,50,000"
341,Renault,Duster,110PS Diesel RxZ,2012,"72,300 km",Diesel,Manual,1st,"Chandigarh Airport Area, Chandigarh, Chandigarh","₹ 4,15,000"
342,Maruti Suzuki,Ertiga,VXI,2014,"70,500 km",Petrol,Manual,2nd,"Sector 2, Bhilai, Chhattisgarh","₹ 5,80,000"
343,Hyundai,Verna,2011-2014 1.6 SX,2012,"91,000 km",Diesel,Manual,2nd,"Mahesh Nagar, Aurangabad, Maharashtra","₹ 4,35,000"
344,Maruti Suzuki,Ciaz,2014-2017 ZDi Plus,2015,"135,000 km",Diesel,Manual,2nd,"Kurkumbh, Kurkumbh MIDC, Maharashtra","₹ 7,00,000"
345,Hyundai,Verna,2006-2010 CRDi,2006,"180,000 km",Diesel,Automatic,3rd,"Ayyagaripet, Sathupally, Telangana","₹ 2,00,000"
346,Maruti Suzuki,Vitara Brezza,ZDi Plus,2016,"80,000 km",Diesel,Manual,1st,"Turakrathi, Kundapura, Karnataka","₹ 8,30,000"
347,Hyundai,i10,1.2 Kappa Magna,2012,"70,500 km",Petrol,Manual,1st,"Sector 51, Chandigarh, Chandigarh","₹ 2,71,500"
348,Hyundai,Elite i20,Magna 1.2,2015,"41,000 km",Petrol,Manual,2nd,"Elgin Road, Kolkata, West Bengal","₹ 4,30,000"
349,-,-,-,-,-,-,-,-,-,-
350,Toyota,Innova Crysta,2.4 ZX MT,2018,"70,000 km",Diesel,Manual,1st,"Tidke Colony, Nashik, Maharashtra","₹ 19,50,000"
351,Hyundai,i10,1.1L iRDE ERA Special Edition,2008,"19,000 km",Petrol,Manual,1st,"Preet Vihar, Delhi, Delhi","₹ 1,60,000"
352,Hyundai,Creta,1.4 CRDi S Plus,2018,"21,000 km",Diesel,Manual,1st,"T Nagar, Chennai, Tamil Nadu","₹ 9,75,000"
353,Tata,Indigo Ecs,eCS LS CR4 BS-IV,2012,"170,000 km",Diesel,Manual,2nd,"Marriguda, Hyderabad, Telangana","₹ 95,000"
354,Volkswagen,Polo,2009-2013 Petrol Highline 1.6L,2017,"37,000 km",Petrol,Manual,1st,"Panampilly Nagar, Kochi, Kerala","₹ 6,40,000"
355,Toyota,Innova,2009-2011 GX CNG,2009,"90,000 km",CNG & Hybrids,Manual,3rd,"Pitampura, Delhi, Delhi","₹ 3,99,000"
356,Hyundai,Grand i10,Sportz 1.2 Kappa VTVT,2018,"37,000 km",Petrol,Manual,1st,"Rajarhat, Kolkata, West Bengal","₹ 4,50,000"
357,Chevrolet,Sail,1.2 LS ABS,2013,"57,000 km",Petrol,Manual,1st,"Off SG Highway, Ahmedabad, Gujarat","₹ 2,40,000"
358,Maruti Suzuki,Wagon R,VXI,2015,"31,500 km",Petrol,Manual,1st,"Kattappana Market, Kattappana, Kerala","₹ 3,83,000"
359,Maruti Suzuki,Wagon R 1.0,1.0 VXi,2015,"56,320 km",Petrol,Manual,2nd,"Sultanpet, Palakkad, Kerala","₹ 3,55,000"
360,Audi,A4,1.8 TFSI Multitronic Premium Plus,2006,"65,000 km",Petrol,Automatic,2nd,"Greater Kailash 1, Delhi, Delhi","₹ 3,75,000"
361,Maruti Suzuki,800,AC,2001,"52,500 km",Petrol,Manual,1st,"Gajapati Nagar, Berhmapur, Odisha","₹ 65,000"
362,Hyundai,Verna,Others,2009,"92,000 km",Diesel,Manual,2nd,"Chandigarh Airport Area, Chandigarh, Chandigarh","₹ 2,20,000"
363,Maruti Suzuki,Swift,2018 AMT VXI,2018,"25,000 km",Petrol,Automatic,2nd,"Hagadur Vinayaka Nagar, Bengaluru, Karnataka","₹ 6,50,000"
364,BMW,5 Series,520d Luxury Line,2015,"34,000 km",Diesel,Automatic,2nd,"Elgin Road, Kolkata, West Bengal","₹ 23,50,000"
365,Honda,Jazz,VX,2019,"20,000 km",Petrol,Manual,1st,"Asher Nagar, Tiruppur, Tamil Nadu","₹ 7,90,000"
366,Hyundai,i20,2010-2012 1.4 CRDi Asta,2011,"42,144 km",Diesel,Manual,1st,"Madurdaha, Kolkata, West Bengal","₹ 2,75,000"
367,Hyundai,Elite i20,Asta Option CVT,2018,"20,000 km",Petrol,Automatic,1st,"Andheri West, Mumbai, Maharashtra","₹ 7,75,000"
368,Maruti Suzuki,Alto,LXi,2008,"88,000 km",Petrol,Manual,1st,"Mahendra Park, Delhi, Delhi","₹ 1,05,000"
369,Honda,City,i-VTEC CVT ZX,2017,"60,000 km",Petrol,Automatic,1st,"Hope College, Coimbatore, Tamil Nadu","₹ 9,85,000"
370,Hyundai,i20 Active,Active 1.4 SX (O),2015,"54,000 km",Diesel,Manual,1st,"Chandmari, Guwahati, Assam","₹ 5,60,000"
371,Maruti Suzuki,Swift,1.2 DLX,2020,"20,000 km",Petrol,Manual,1st,"Nagwahan, Sundarnagar, Himachal Pradesh","₹ 2,00,000"
372,iPhone,-,-,-,-,-,-,-,"Samudrapur, Maharashtra, India","₹ 15,499"
373,Audi,Q3,35 TDI Premium Plus + Sunroof,2015,"59,000 km",Diesel,Automatic,2nd,"Ramesh Nagar, Delhi, Delhi","₹ 15,75,000"
374,Hyundai,Verna,2011-2014 1.6 SX CRDI (O) AT,2014,"51,000 km",Diesel,Automatic,1st,"Sunder Nagar, Ahmedabad, Gujarat","₹ 6,25,000"
375,Maruti Suzuki,Swift,VXI,2014,"49,000 km",Petrol,Manual,1st,"Chandigarh Airport Area, Chandigarh, Chandigarh","₹ 4,25,000"
376,Maruti Suzuki,Swift,VDI,2012,"78,000 km",Diesel,Manual,-,"Sector 37A, Gurgaon, Haryana","₹ 3,25,000"
377,Maruti Suzuki,Swift Dzire,VXI,2014,"77,000 km",Petrol,Manual,1st,"SG Highway, Ahmedabad, Gujarat","₹ 4,65,000"
378,Maruti Suzuki,Alto K10,VXI,2013,"37,000 km",CNG & Hybrids,Manual,1st,"Science City, Ahmedabad, Gujarat","₹ 2,41,000"
379,Maruti Suzuki,Swift Dzire,Swift Dzire Tour,2018,"35,000 km",Diesel,Manual,1st,"Madhavaram, Chennai, Tamil Nadu","₹ 5,30,500"
380,Hyundai,i10,1.2 Kappa Magna,2009,"61,000 km",Petrol,Manual,1st,"Kodambakkam, Chennai, Tamil Nadu","₹ 2,59,000"
381,Maruti Suzuki,Alto,2000-2005 LXI,2011,"41,321 km",Petrol,Manual,1st,"Rabindra Nagar, Siliguri, West Bengal","₹ 1,65,101"
382,Maruti Suzuki,Ritz,Ldi BS-IV,2010,"37,163 km",Diesel,Manual,1st,"Madurdaha, Kolkata, West Bengal","₹ 1,95,000"
383,Jeep,Compass,2.0 Limited,2018,"70,000 km",Diesel,Manual,1st,"Nagawara, Bengaluru, Karnataka","₹ 15,45,000"
384,Hyundai,i10,1.2 Kappa SPORTZ,2010,"70,000 km",Petrol,Manual,2nd,"Benzco, Vijayawada, Andhra Pradesh","₹ 2,50,000"
385,Volkswagen,Polo,2009-2013 Diesel Highline 1.2L,2012,"63,800 km",Diesel,Manual,2nd,"Mohit Vihar, Dehradun, Uttaranchal","₹ 3,25,000"
386,Mitsubishi,Pajero,Select Plus 4X4 MT,2011,"80,000 km",Diesel,Manual,2nd,"Industrial Area, Chandigarh, Chandigarh","₹ 7,15,000"
387,Honda,City ZX,GXi,2007,"76,000 km",Petrol,Manual,2nd,"Banashankari, Bengaluru, Karnataka","₹ 2,45,000"
388,Tata,Nano,XT,2017,"50,000 km",Petrol,Manual,1st,"Naranpura, Ahmedabad, Gujarat","₹ 1,50,000"
389,-,-,-,-,-,-,-,-,-,-
390,Skoda,Rapid,1.5 TDI CR Elegance Plus,2014,"215,000 km",Diesel,Manual,1st,"Goripalayam, Madurai, Tamil Nadu","₹ 4,50,000"
391,Maruti Suzuki,Esteem,Vxi - BSIII,2007,"80,000 km",CNG & Hybrids,Manual,1st,"Sector 28, Gandhinagar, Gujarat","₹ 1,25,500"
392,Mahindra,Jeep,Commander 750 DI,2010,"165,000 km",Diesel,Manual,2nd,"Ramamangalam, Kochi, Kerala","₹ 5,75,000"
393,BMW,3 Series,320d Luxury Line,2014,"61,000 km",Diesel,Automatic,2nd,"Prahlad nagar, Ahmedabad, Gujarat","₹ 17,11,000"
394,Maruti Suzuki,Ciaz,1.4 Sigma,2017,"25,500 km",Petrol,Manual,2nd,"Birgaon, Raipur, Chhattisgarh","₹ 6,40,000"
395,Mahindra,XUV500,W8 2WD,2012,"81,000 km",Diesel,Manual,1st,"Rampur, Rampur, Uttar Pradesh","₹ 5,00,000"
396,Maruti Suzuki,Swift Dzire,VDI,2016,"62,000 km",Diesel,Manual,1st,"Andheri West, Mumbai, Maharashtra","₹ 6,10,000"
397,Renault,Duster,85PS Diesel RxL,2014,"68,000 km",Diesel,Manual,1st,"Ward No 3, Ghagga, Punjab","₹ 4,25,000"
398,Maruti Suzuki,800,AC BSII,2007,"45,000 km",Petrol,Manual,-,"Shantipuram, Visakhapatnam, Andhra Pradesh","₹ 95,000"
399,Maruti Suzuki,Wagon R,LXI,2016,"54,000 km",Petrol,Manual,1st,"Rohini Sector 10, Delhi, Delhi","₹ 3,41,000"
400,Maruti Suzuki,Alto,LXi,2009,"80,000 km",CNG & Hybrids,Manual,2nd,"Babarpur, Delhi, Delhi","₹ 92,000"
401,Maruti Suzuki,Wagon R 1.0,1.0 LXi,2009,"51,000 km",Petrol,Manual,1st,"Off SG Highway, Ahmedabad, Gujarat","₹ 2,00,000"
402,Hyundai,i10,Era,2012,"58,000 km",Petrol,Manual,1st,"Naranpura, Ahmedabad, Gujarat","₹ 2,80,000"
403,Maruti Suzuki,Celerio,ZXI Optional MT,2016,"89,000 km",Petrol,Manual,1st,"Bowenpally, Hyderabad, Telangana","₹ 4,30,000"
404,Skoda,Laura,1.8 TSI Ambition,2010,"84,000 km",Petrol,Manual,3rd,"Gungutoli, Ranchi, Jharkhand","₹ 3,51,000"
405,Hyundai,i20,Petrol Spotz,2017,"16,000 km",Petrol,Manual,1st,"Borivali West, Mumbai, Maharashtra","₹ 6,38,000"
406,Chevrolet,Spark,1.0 LS,2010,"72,000 km",Petrol,Manual,1st,"Tilak Nagar, Delhi, Delhi","₹ 1,05,000"
407,Maruti Suzuki,Ritz,VDi,2011,"74,002 km",Petrol,Manual,2nd,"Lachchhiram Pur, Azamgarh, Uttar Pradesh","₹ 1,80,000"
408,Maruti Suzuki,Alto,LX,2007,"66,000 km",Petrol,Manual,1st,"Off SG Highway, Ahmedabad, Gujarat","₹ 1,25,000"
409,-,-,-,-,-,-,-,-,-,-
410,Maruti Suzuki,Swift Dzire,VXI,2010,"95,000 km",Petrol,Manual,2nd,"Someshwarapura Extension, Tumakuru, Karnataka","₹ 3,00,000"
411,Tata,Indigo CS,CS LS TDI,2007,"92,000 km",Diesel,Manual,2nd,"Anna Nagar, Chennai, Tamil Nadu","₹ 1,35,000"
412,Fiat,Punto,Punto Emotion Pack 1.4,2011,"92,000 km",Diesel,Manual,1st,"Ayanavaram, Chennai, Tamil Nadu","₹ 2,50,000"
413,Hyundai,Elite i20,Magna 1.2,2015,"54,000 km",Petrol,Manual,1st,"Rohini Sector 10, Delhi, Delhi","₹ 4,70,000"
414,Maruti Suzuki,Swift,VDI BS IV,2015,"78,000 km",Diesel,Manual,1st,"Chauk, Lucknow, Uttar Pradesh","₹ 4,90,000"
415,Hyundai,Elite i20,Sportz (O) 1.4,2015,"79,000 km",Diesel,Manual,2nd,"Thiruvannur, Kozhikode, Kerala","₹ 5,80,000"
416,Maruti Suzuki,Swift,ZDi,2013,"79,000 km",Diesel,Manual,1st,"MG Road, Bengaluru, Karnataka","₹ 4,90,000"
417,Hyundai,Elite i20,Asta 1.2 (O),2016,"51,000 km",Petrol,Manual,1st,"Rajarhat, Kolkata, West Bengal","₹ 4,99,999"
418,-,-,-,-,-,-,-,-,"Samudrapur, Maharashtra, India",₹ 250
419,Maruti Suzuki,Alto,2005-2010 LXi BSIII,2009,"70,000 km",Petrol,Manual,1st,"Sunder Nagar, Ahmedabad, Gujarat","₹ 1,65,000"
420,Maruti Suzuki,Swift,2011-2014 ZDi,2012,"105,900 km",Diesel,Manual,2nd,"Nayudupeta, Andhra Pradesh, India","₹ 4,10,000"
421,Honda,City,i-VTEC VX,2015,"55,154 km",Petrol,Manual,1st,"Connaught Place, Delhi, Delhi","₹ 5,79,000"
422,Honda,Civic,1.8 V MT,2009,"80,000 km",Petrol,Manual,2nd,"Attapur, Hyderabad, Telangana","₹ 2,65,000"
423,Toyota,Corolla Altis,Others,2013,"88,000 km",Diesel,Manual,2nd,"Chandigarh Airport Area, Chandigarh, Chandigarh","₹ 4,80,000"
424,Toyota,Innova,2.5 V 7 STR,2011,"170,000 km",Diesel,Manual,2nd,"Industrial Area, Chandigarh, Chandigarh","₹ 5,90,000"
425,Volkswagen,Ameo,1.2 MPI Comfortline Plus,2018,"45,000 km",Petrol,Manual,1st,"Pitampura, Delhi, Delhi","₹ 4,80,000"
426,Bentley,Continental Flying Spur,Flying Spur W12,2008,"34,000 km",Petrol,Automatic,4th,"Bandra West, Mumbai, Maharashtra","₹ 75,00,000"
427,Maruti Suzuki,Ciaz,2014-2017 ZDi SHVS,2015,"69,000 km",Diesel,Manual,1st,"Kotwali Ganj, Rampur, Uttar Pradesh","₹ 5,60,000"
428,Audi,A6,2.0 TDI Premium Plus,2013,8 km,Petrol,Automatic,4+,"Vyttila, Kochi, Kerala","₹ 15,000"
429,Hyundai,i20,2010-2012 1.4 CRDi Magna,2012,"81,975 km",Diesel,Manual,1st,"Sector 60 Phase 3B2, Mohali, Punjab","₹ 3,28,000"
430,-,-,-,-,-,-,-,-,-,-
431,Mercedes-Benz,E-Class,Elegance 220 CDI,2012,"95,000 km",Diesel,Automatic,1st,"Santacruz East, Mumbai, Maharashtra","₹ 12,75,000"
432,Toyota,Etios,2012,Petrol,1st,Manual,"104,000 km",-,"Rangampalaiyam, Erode, Tamil Nadu","₹ 4,20,000"
433,-,-,-,-,-,-,-,-,-,-
434,Maruti Suzuki,Vitara Brezza,ZDi Plus Dual Tone,2016,"47,000 km",Diesel,Manual,1st,"Vidya Nagar Colony, Tirupati, Andhra Pradesh","₹ 8,15,000"
435,Tata,Aria,Pleasure 4X4,2011,"44,220 km",Diesel,Manual,1st,"Andheri East, Mumbai, Maharashtra","₹ 3,45,000"
436,Mahindra,Scorpio,2006-2009 2.6 Turbo 7 Str,2006,"69,685 km",Diesel,Manual,-,"New Pratap Nagar, Ambala, Haryana","₹ 1,69,000"
437,Hyundai,Elite i20,Sportz 1.2,2016,"57,080 km",Petrol,Manual,-,"Jayanagar, Bengaluru, Karnataka","₹ 6,10,000"
438,Tata,Indigo Ecs,eCS LS CR4 BS-IV,2018,"100,000 km",Diesel,Manual,1st,"Mira Road East, Mumbai, Maharashtra","₹ 2,50,000"
439,-,-,-,-,-,-,-,-,"Samudrapur MIDC, Maharashtra, India",₹ 499
440,Chevrolet,Sail,2014,Petrol,1st,Manual,"32,000 km",-,"Mohit Vihar, Dehradun, Uttaranchal","₹ 3,00,000"
441,Tata,Safari Storme,VX,2014,"120,500 km",Diesel,Manual,1st,"Kunchanapalle, Vijayawada, Andhra Pradesh","₹ 6,95,000"
442,Renault,Duster,2012-2015 85PS Diesel RxL,2013,"160,000 km",Diesel,Manual,1st,"Rajbandh Maidan, Raipur, Chhattisgarh","₹ 3,99,000"
443,Toyota,Innova,2.5 G (Diesel) 7 Seater,2015,"151,000 km",Diesel,Manual,2nd,"Infantry Road, Bengaluru, Karnataka","₹ 6,40,000"
444,Ford,Figo,2012-2015 Diesel ZXI,2015,"110,000 km",Diesel,Manual,2nd,"Ram Krishna Nagar, Vijayawada, Andhra Pradesh","₹ 3,40,000"
445,Hyundai,i10,Magna 1.1L,2016,"13,314 km",Petrol,Manual,1st,"Rajaji Nagar, Bengaluru, Karnataka","₹ 4,95,000"
446,Hyundai,i20,2012-2014 Sportz 1.2,2012,"60,527 km",Petrol,Manual,1st,"Housing Board Colony, Hyderabad, Telangana","₹ 4,20,000"
447,Chevrolet,Others,Others,2016,"110,974 km",Diesel,Automatic,2nd,"Manthaiyamman Kovil, Kambam, Tamil Nadu","₹ 5,50,000"
448,Toyota,Innova,2004-2011 2.5 G4 Diesel 8-seater,2010,2nd,Diesel,"132,000 km",-,"Puliakulam, Coimbatore, Tamil Nadu","₹ 8,50,000"
449,Maruti Suzuki,Swift Dzire,VXI,2017,"55,000 km",Petrol,Manual,1st,"Anamika Enclave, Gurgaon, Haryana","₹ 5,15,000"
450,Maruti Suzuki,Alto 800,LXI,2013,"81,000 km",Petrol,Manual,1st,"Alagu Nagar, Namakkal, Tamil Nadu","₹ 2,49,000"
451,Volkswagen,Jetta,2.0 TDI Comfortline,2012,"82,000 km",Diesel,Manual,1st,"Sector 16, Faridabad, Haryana","₹ 3,99,000"
452,Ford,Figo,2010-2012 Petrol ZXI,2010,"72,000 km",Petrol,Manual,3rd,"Kuchha Kathara, Shahjahanpur, Uttar Pradesh","₹ 1,80,000"
453,Mercedes-Benz,GLE Class,250d,2016,"74,000 km",Diesel,Automatic,1st,"Marine Drive, Kochi, Kerala","₹ 42,00,000"
454,Maruti Suzuki,Wagon R,1999-2006 VXI BSIII,2006,-,"53,037 km",4th,-,"Palarivattom, Kochi, Kerala","₹ 1,50,000"
455,Maruti Suzuki,Ritz,LXi,2016,"80,000 km",CNG & Hybrids,Manual,2nd,"IMT Rohtak, Rohtak, Haryana","₹ 2,70,000"
456,Ford,Ecosport,1.5 Diesel Trend,2015,"65,000 km",Diesel,Manual,1st,"Ward Number 42, Churu, Rajasthan","₹ 4,99,999"
457,Maruti Suzuki,Wagon R,2006-2010 LXI Minor,2009,"70,000 km",Petrol,Manual,2nd,"Sunder Nagar, Ahmedabad, Gujarat","₹ 1,95,000"
458,Mercedes-Benz,E-Class,E250 CDI Avantgarde,2015,"70,000 km",Diesel,Automatic,1st,"Andheri West, Mumbai, Maharashtra","₹ 20,50,000"
459,Maruti Suzuki,Wagon R 1.0,1.0 LXi,2012,"51,000 km",Petrol,Manual,1st,"Karkar Duma, Delhi, Delhi","₹ 2,40,000"
460,Mahindra,XUV500,W8 2WD,2016,"58,000 km",Diesel,Manual,1st,"Banashankari Stage 3, Bengaluru, Karnataka","₹ 12,30,000"
461,Maruti Suzuki,Estilo,VXi BS-IV,2010,"42,111 km",Petrol,Manual,1st,"Madurdaha, Kolkata, West Bengal","₹ 1,75,000"
462,Maruti Suzuki,Vitara Brezza,2017,Diesel,-,9 km,-,-,"Vyttila, Kochi, Kerala","₹ 6,66,666"
463,Nissan,Sunny,XE,2016,"80,000 km",Diesel,Manual,1st,"Alwarpet, Chennai, Tamil Nadu","₹ 4,80,000"
464,Volkswagen,Polo,2009-2013 Diesel Highline 1.2L,2011,"85,000 km",Diesel,Manual,2nd,"Umarwada, Surat, Gujarat","₹ 2,85,000"
465,Maruti Suzuki,Swift,VDI,2012,"41,000 km",Diesel,Manual,1st,"Jadavpur, Kolkata, West Bengal","₹ 3,35,000"
466,Chevrolet,Optra,1.8 MAX,2011,"94,250 km",Diesel,Manual,1st,"Sarthana Jakatnaka, Surat, Gujarat","₹ 2,45,000"
467,Maruti Suzuki,Zen,LXI,2006,"81,110 km",Petrol,Manual,1st,"Jaganathapuram, Erode, Tamil Nadu","₹ 2,15,000"
468,Audi,A4,2008-2014 2.0 TDI Celebration Edition,2013,"45,000 km",Diesel,Automatic,2nd,"Nagawara, Bengaluru, Karnataka","₹ 15,95,000"
469,Hyundai,i20,2012-2014 Magna,2013,"53,232 km",CNG & Hybrids,Manual,1st,"Pitampura, Delhi, Delhi","₹ 3,45,000"
470,Maruti Suzuki,Wagon R,LXI,2007,"162,000 km",Petrol,Manual,1st,"Adabari, Guwahati, Assam","₹ 1,55,000"
471,Maruti Suzuki,Vitara Brezza,ZDi Plus,2019,"45,000 km",Diesel,Manual,1st,"LB Nagar, Hyderabad, Telangana","₹ 9,85,000"
472,Maruti Suzuki,Vitara Brezza,ZDi Plus,2018,"61,000 km",Diesel,Manual,1st,"Raj Nagar Extension, Ghaziabad, Uttar Pradesh","₹ 8,25,000"
473,Mahindra,XUV500,W6 2WD,2012,"52,000 km",Diesel,Manual,1st,"Vaishali, Ghaziabad, Uttar Pradesh","₹ 4,39,000"
474,Hyundai,i10,Sportz 1.2 Automatic Kappa2,2011,"69,000 km",Petrol,Automatic,2nd,"Neduvathoor, Kottarakkara, Kerala","₹ 3,50,000"
475,Tata,Indigo CS,2008-2012 eLX BS IV,2011,"73,000 km",Diesel,Manual,1st,"Kunchanapalle, Vijayawada, Andhra Pradesh","₹ 1,65,000"
476,Hyundai,Accent,CRDi,2005,"98,000 km",Diesel,Manual,3rd,"Attapur, Hyderabad, Telangana","₹ 1,20,000"
477,Maruti Suzuki,Wagon R 1.0,1.0 LXi,2009,"82,698 km",Petrol,Manual,-,"Model Town, Ambala, Haryana","₹ 1,30,000"
478,-,-,-,-,-,-,-,-,"Samudrapur, Maharashtra, India",₹ 499
479,Maruti Suzuki,Wagon R Electric,Others,2006,"60,000 km",LPG,Automatic,2nd,"Baikuntha, Bahraich, Uttar Pradesh","₹ 65,000"
480,BMW,3 Series,Others,2011,"96,000 km",Diesel,Automatic,1st,"Chandigarh Airport Area, Chandigarh, Chandigarh","₹ 8,00,000"
481,Mercedes-Benz,GLE COUPE,43 AMG Coupe,2020,"5,000 km",Petrol,Automatic,1st,"Puthiyakavu, Karunagappally, Kerala","₹ 92,00,000"
482,Maruti Suzuki,Alto,2005-2010 LX BSIII,2008,"55,000 km",Petrol,Manual,2nd,"Attapur, Hyderabad, Telangana","₹ 1,30,000"
483,Maruti Suzuki,Omni,8 Seater BSII,2013,"98,300 km",Petrol,Manual,1st,"Thillai Nagar, Tiruchirappalli, Tamil Nadu","₹ 2,50,000"
484,Hyundai,i10,1.2 Kappa SPORTZ,2009,"81,000 km",Petrol,Manual,2nd,"Kannanakuzhi, Kattanam, Kerala","₹ 2,20,000"
485,Toyota,Fortuner,3.0 4x4 Manual,2013,"125,000 km",Diesel,Manual,2nd,"Sivarampalli, Hyderabad, Telangana","₹ 14,00,000"
486,Maruti Suzuki,Swift Dzire,2013,Petrol,2nd,Automatic,"70,000 km",-,"Mansarovar Garden, Delhi, Delhi","₹ 3,57,000"
487,Honda,Accord,Accord 2.4 VTi-L Automatic,2010,"57,000 km",Petrol,Automatic,2nd,"Bhola Nath Nagar, Delhi, Delhi","₹ 3,80,001"
488,Ford,Ecosport,1.5 TDCi Titanium Plus,2013,"96,000 km",Diesel,Manual,1st,"Padivattom, Kochi, Kerala","₹ 5,25,000"
489,Maruti Suzuki,Wagon R,LXI BS IV,2018,"21,000 km",Petrol,Manual,1st,"Vaishali, Ghaziabad, Uttar Pradesh","₹ 3,85,000"
490,Toyota,Corolla Altis,Altis 1.8 J,2018,21 km,Petrol,Manual,1st,"Chembur, Mumbai, Maharashtra","₹ 10,21,700"
491,Toyota,Innova,2004-2011 2.0 V,2011,"80,000 km",Diesel,Manual,1st,"Aranattukara, Thrissur, Kerala","₹ 9,00,000"
